DataHora,Instancia,Algoritmo,Alpha,Iteracoes,TamanhoBloco,Seed,Custo,Tempo(ms),Gap(%)
2026-07-09 02:34:51,grafo3.txt,Guloso,0.00,1,0,628613997,215.00,0.12,4200.00
2026-07-09 02:34:51,grafo3.txt,GRASP,0.10,100,0,628613997,135.00,5.58,2600.00
2026-07-09 02:34:51,grafo3.txt,GRASP,0.30,100,0,628613997,141.00,7.69,2720.00
2026-07-09 02:34:51,grafo3.txt,GRASP,0.70,100,0,628613997,200.00,5.45,3900.00
2026-07-09 02:34:51,grafo3.txt,Reativo,0.00,300,50,628613997,141.00,20.51,2720.00
2026-07-09 02:34:51,grafo3.txt,Guloso,0.00,1,0,2985718188,411.00,0.15,8120.00
2026-07-09 02:34:51,grafo3.txt,GRASP,0.10,100,0,2985718188,141.00,6.21,2720.00
2026-07-09 02:34:51,grafo3.txt,GRASP,0.30,100,0,2985718188,135.00,6.78,2600.00
2026-07-09 02:34:51,grafo3.txt,GRASP,0.70,100,0,2985718188,193.00,6.01,3760.00
2026-07-09 02:34:51,grafo3.txt,Reativo,0.00,300,50,2985718188,135.00,16.72,2600.00
2026-07-09 02:34:51,grafo3.txt,Guloso,0.00,1,0,4012353859,320.00,0.12,6300.00
2026-07-09 02:34:51,grafo3.txt,GRASP,0.10,100,0,4012353859,145.00,5.84,2800.00
2026-07-09 02:34:51,grafo3.txt,GRASP,0.30,100,0,4012353859,135.00,5.96,2600.00
2026-07-09 02:34:51,grafo3.txt,GRASP,0.70,100,0,4012353859,141.00,6.55,2720.00
2026-07-09 02:34:51,grafo3.txt,Reativo,0.00,300,50,4012353859,135.00,17.90,2600.00
2026-07-09 02:34:51,grafo3.txt,Guloso,0.00,1,0,3075770188,173.00,0.22,3360.00
2026-07-09 02:34:51,grafo3.txt,GRASP,0.10,100,0,3075770188,141.00,5.85,2720.00
2026-07-09 02:34:51,grafo3.txt,GRASP,0.30,100,0,3075770188,141.00,5.69,2720.00
2026-07-09 02:34:51,grafo3.txt,GRASP,0.70,100,0,3075770188,135.00,5.88,2600.00
2026-07-09 02:34:51,grafo3.txt,Reativo,0.00,300,50,3075770188,141.00,19.46,2720.00
2026-07-09 02:34:51,grafo3.txt,Guloso,0.00,1,0,1520046381,358.00,0.12,7060.00
2026-07-09 02:34:51,grafo3.txt,GRASP,0.10,100,0,1520046381,145.00,6.03,2800.00
2026-07-09 02:34:51,grafo3.txt,GRASP,0.30,100,0,1520046381,141.00,5.85,2720.00
2026-07-09 02:34:51,grafo3.txt,GRASP,0.70,100,0,1520046381,135.00,5.81,2600.00
2026-07-09 02:34:51,grafo3.txt,Reativo,0.00,300,50,1520046381,145.00,16.12,2800.00
2026-07-09 02:34:51,grafo3.txt,Guloso,0.00,1,0,496764009,215.00,0.14,4200.00
2026-07-09 02:34:51,grafo3.txt,GRASP,0.10,100,0,496764009,141.00,5.99,2720.00
2026-07-09 02:34:51,grafo3.txt,GRASP,0.30,100,0,496764009,145.00,6.05,2800.00
2026-07-09 02:34:51,grafo3.txt,GRASP,0.70,100,0,496764009,173.00,5.64,3360.00
2026-07-09 02:34:51,grafo3.txt,Reativo,0.00,300,50,496764009,135.00,18.32,2600.00
2026-07-09 02:34:51,grafo3.txt,Guloso,0.00,1,0,1222236104,313.00,0.17,6160.00
2026-07-09 02:34:51,grafo3.txt,GRASP,0.10,100,0,1222236104,135.00,6.00,2600.00
2026-07-09 02:34:51,grafo3.txt,GRASP,0.30,100,0,1222236104,135.00,6.06,2600.00
2026-07-09 02:34:51,grafo3.txt,GRASP,0.70,100,0,1222236104,135.00,6.18,2600.00
2026-07-09 02:34:51,grafo3.txt,Reativo,0.00,300,50,1222236104,135.00,17.63,2600.00
2026-07-09 02:34:51,grafo3.txt,Guloso,0.00,1,0,1496148090,215.00,0.18,4200.00
2026-07-09 02:34:51,grafo3.txt,GRASP,0.10,100,0,1496148090,141.00,6.05,2720.00
2026-07-09 02:34:51,grafo3.txt,GRASP,0.30,100,0,1496148090,141.00,6.59,2720.00
2026-07-09 02:34:51,grafo3.txt,GRASP,0.70,100,0,1496148090,209.00,5.55,4080.00
2026-07-09 02:34:51,grafo3.txt,Reativo,0.00,300,50,1496148090,135.00,17.72,2600.00
2026-07-09 02:34:51,grafo3.txt,Guloso,0.00,1,0,2766724940,215.00,0.15,4200.00
2026-07-09 02:34:51,grafo3.txt,GRASP,0.10,100,0,2766724940,135.00,6.57,2600.00
2026-07-09 02:34:51,grafo3.txt,GRASP,0.30,100,0,2766724940,141.00,5.99,2720.00
2026-07-09 02:34:51,grafo3.txt,GRASP,0.70,100,0,2766724940,141.00,6.35,2720.00
2026-07-09 02:34:51,grafo3.txt,Reativo,0.00,300,50,2766724940,135.00,18.87,2600.00
2026-07-09 02:34:51,grafo3.txt,Guloso,0.00,1,0,1794231233,244.00,0.15,4780.00
2026-07-09 02:34:51,grafo3.txt,GRASP,0.10,100,0,1794231233,173.00,5.84,3360.00
2026-07-09 02:34:51,grafo3.txt,GRASP,0.30,100,0,1794231233,141.00,5.83,2720.00
2026-07-09 02:34:51,grafo3.txt,GRASP,0.70,100,0,1794231233,135.00,6.28,2600.00
2026-07-09 02:34:51,grafo3.txt,Reativo,0.00,300,50,1794231233,135.00,19.25,2600.00
2026-07-09 12:00:26,grafo3.txt,Guloso,0.00,1,0,3046408774,373.00,0.00,7360.00
2026-07-09 12:00:26,grafo3.txt,GRASP,0.10,100,0,3046408774,145.00,3.00,2800.00
2026-07-09 12:00:26,grafo3.txt,GRASP,0.30,100,0,3046408774,145.00,4.00,2800.00
2026-07-09 12:00:26,grafo3.txt,GRASP,0.70,100,0,3046408774,145.00,5.00,2800.00
2026-07-09 12:00:26,grafo3.txt,Reativo,0.00,300,50,3046408774,135.00,9.00,2600.00
2026-07-09 12:00:26,grafo3.txt,Guloso,0.00,1,0,3001904117,173.00,1.01,3360.00
2026-07-09 12:00:26,grafo3.txt,GRASP,0.10,100,0,3001904117,141.00,3.00,2720.00
2026-07-09 12:00:26,grafo3.txt,GRASP,0.30,100,0,3001904117,141.00,3.00,2720.00
2026-07-09 12:00:26,grafo3.txt,GRASP,0.70,100,0,3001904117,141.00,4.00,2720.00
2026-07-09 12:00:26,grafo3.txt,Reativo,0.00,300,50,3001904117,135.00,9.01,2600.00
2026-07-09 12:00:26,grafo3.txt,Guloso,0.00,1,0,2783359514,317.00,1.00,6240.00
2026-07-09 12:00:26,grafo3.txt,GRASP,0.10,100,0,2783359514,145.00,3.00,2800.00
2026-07-09 12:00:26,grafo3.txt,GRASP,0.30,100,0,2783359514,145.00,4.00,2800.00
2026-07-09 12:00:26,grafo3.txt,GRASP,0.70,100,0,2783359514,145.00,4.03,2800.00
2026-07-09 12:00:26,grafo3.txt,Reativo,0.00,300,50,2783359514,141.00,8.00,2720.00
2026-07-09 12:00:26,grafo3.txt,Guloso,0.00,1,0,580261594,373.00,1.00,7360.00
2026-07-09 12:00:26,grafo3.txt,GRASP,0.10,100,0,580261594,135.00,3.00,2600.00
2026-07-09 12:00:26,grafo3.txt,GRASP,0.30,100,0,580261594,135.00,3.00,2600.00
2026-07-09 12:00:26,grafo3.txt,GRASP,0.70,100,0,580261594,135.00,3.00,2600.00
2026-07-09 12:00:26,grafo3.txt,Reativo,0.00,300,50,580261594,141.00,8.00,2720.00
2026-07-09 12:00:26,grafo3.txt,Guloso,0.00,1,0,1196987289,411.00,0.00,8120.00
2026-07-09 12:00:26,grafo3.txt,GRASP,0.10,100,0,1196987289,135.00,3.00,2600.00
2026-07-09 12:00:26,grafo3.txt,GRASP,0.30,100,0,1196987289,135.00,3.02,2600.00
2026-07-09 12:00:26,grafo3.txt,GRASP,0.70,100,0,1196987289,135.00,3.00,2600.00
2026-07-09 12:00:26,grafo3.txt,Reativo,0.00,300,50,1196987289,135.00,8.00,2600.00
2026-07-09 12:00:26,grafo3.txt,Guloso,0.00,1,0,2144577019,244.00,1.00,4780.00
2026-07-09 12:00:26,grafo3.txt,GRASP,0.10,100,0,2144577019,145.00,3.00,2800.00
2026-07-09 12:00:26,grafo3.txt,GRASP,0.30,100,0,2144577019,145.00,3.02,2800.00
2026-07-09 12:00:26,grafo3.txt,GRASP,0.70,100,0,2144577019,145.00,3.00,2800.00
2026-07-09 12:00:26,grafo3.txt,Reativo,0.00,300,50,2144577019,145.00,8.01,2800.00
2026-07-09 12:00:26,grafo3.txt,Guloso,0.00,1,0,1281925219,317.00,1.00,6240.00
2026-07-09 12:00:26,grafo3.txt,GRASP,0.10,100,0,1281925219,173.00,3.03,3360.00
2026-07-09 12:00:26,grafo3.txt,GRASP,0.30,100,0,1281925219,173.00,3.00,3360.00
2026-07-09 12:00:26,grafo3.txt,GRASP,0.70,100,0,1281925219,173.00,3.00,3360.00
2026-07-09 12:00:26,grafo3.txt,Reativo,0.00,300,50,1281925219,135.00,8.02,2600.00
2026-07-09 12:00:26,grafo3.txt,Guloso,0.00,1,0,2058224545,297.00,0.00,5840.00
2026-07-09 12:00:26,grafo3.txt,GRASP,0.10,100,0,2058224545,135.00,3.00,2600.00
2026-07-09 12:00:26,grafo3.txt,GRASP,0.30,100,0,2058224545,135.00,3.03,2600.00
2026-07-09 12:00:26,grafo3.txt,GRASP,0.70,100,0,2058224545,135.00,3.00,2600.00
2026-07-09 12:00:26,grafo3.txt,Reativo,0.00,300,50,2058224545,135.00,7.02,2600.00
2026-07-09 12:00:26,grafo3.txt,Guloso,0.00,1,0,3416055782,498.00,1.00,9860.00
2026-07-09 12:00:26,grafo3.txt,GRASP,0.10,100,0,3416055782,135.00,3.00,2600.00
2026-07-09 12:00:26,grafo3.txt,GRASP,0.30,100,0,3416055782,135.00,3.00,2600.00
2026-07-09 12:00:26,grafo3.txt,GRASP,0.70,100,0,3416055782,135.00,3.02,2600.00
2026-07-09 12:00:26,grafo3.txt,Reativo,0.00,300,50,3416055782,135.00,8.03,2600.00
2026-07-09 12:00:26,grafo3.txt,Guloso,0.00,1,0,4280090775,267.00,0.00,5240.00
2026-07-09 12:00:26,grafo3.txt,GRASP,0.10,100,0,4280090775,135.00,3.00,2600.00
2026-07-09 12:00:26,grafo3.txt,GRASP,0.30,100,0,4280090775,135.00,3.00,2600.00
2026-07-09 12:00:26,grafo3.txt,GRASP,0.70,100,0,4280090775,135.00,3.00,2600.00
2026-07-09 12:00:26,grafo3.txt,Reativo,0.00,300,50,4280090775,135.00,8.00,2600.00
2026-07-09 12:29:18,grafo3.txt,Guloso,0.00,1,0,2881379868,599.00,0.00,11880.00
2026-07-09 12:29:18,grafo3.txt,GRASP,0.10,100,0,2881379868,215.00,8.33,4200.00
2026-07-09 12:29:18,grafo3.txt,GRASP,0.30,100,0,2881379868,215.00,6.00,4200.00
2026-07-09 12:29:18,grafo3.txt,GRASP,0.70,100,0,2881379868,215.00,7.51,4200.00
2026-07-09 12:29:18,grafo3.txt,Reativo,0.00,300,50,2881379868,215.00,19.37,4200.00
2026-07-09 12:29:18,grafo3.txt,Guloso,0.00,1,0,3230452922,378.00,0.00,7460.00
2026-07-09 12:29:18,grafo3.txt,GRASP,0.10,100,0,3230452922,215.00,6.00,4200.00
2026-07-09 12:29:18,grafo3.txt,GRASP,0.30,100,0,3230452922,215.00,6.98,4200.00
2026-07-09 12:29:18,grafo3.txt,GRASP,0.70,100,0,3230452922,215.00,6.98,4200.00
2026-07-09 12:29:18,grafo3.txt,Reativo,0.00,300,50,3230452922,215.00,15.99,4200.00
2026-07-09 12:29:18,grafo3.txt,Guloso,0.00,1,0,2534684665,453.00,1.00,8960.00
2026-07-09 12:29:18,grafo3.txt,GRASP,0.10,100,0,2534684665,215.00,6.00,4200.00
2026-07-09 12:29:18,grafo3.txt,GRASP,0.30,100,0,2534684665,215.00,6.02,4200.00
2026-07-09 12:29:18,grafo3.txt,GRASP,0.70,100,0,2534684665,215.00,7.00,4200.00
2026-07-09 12:29:18,grafo3.txt,Reativo,0.00,300,50,2534684665,215.00,17.00,4200.00
2026-07-09 12:29:18,grafo3.txt,Guloso,0.00,1,0,2649849358,357.00,0.00,7040.00
2026-07-09 12:29:18,grafo3.txt,GRASP,0.10,100,0,2649849358,215.00,5.01,4200.00
2026-07-09 12:29:18,grafo3.txt,GRASP,0.30,100,0,2649849358,215.00,6.00,4200.00
2026-07-09 12:29:18,grafo3.txt,GRASP,0.70,100,0,2649849358,215.00,5.00,4200.00
2026-07-09 12:29:18,grafo3.txt,Reativo,0.00,300,50,2649849358,215.00,17.00,4200.00
2026-07-09 12:29:18,grafo3.txt,Guloso,0.00,1,0,228182290,466.00,0.99,9220.00
2026-07-09 12:29:18,grafo3.txt,GRASP,0.10,100,0,228182290,215.00,6.02,4200.00
2026-07-09 12:29:18,grafo3.txt,GRASP,0.30,100,0,228182290,215.00,5.00,4200.00
2026-07-09 12:29:18,grafo3.txt,GRASP,0.70,100,0,228182290,215.00,7.00,4200.00
2026-07-09 12:29:18,grafo3.txt,Reativo,0.00,300,50,228182290,215.00,17.01,4200.00
2026-07-09 12:29:18,grafo3.txt,Guloso,0.00,1,0,592449614,543.00,1.00,10760.00
2026-07-09 12:29:18,grafo3.txt,GRASP,0.10,100,0,592449614,215.00,6.00,4200.00
2026-07-09 12:29:18,grafo3.txt,GRASP,0.30,100,0,592449614,215.00,6.00,4200.00
2026-07-09 12:29:18,grafo3.txt,GRASP,0.70,100,0,592449614,215.00,5.99,4200.00
2026-07-09 12:29:18,grafo3.txt,Reativo,0.00,300,50,592449614,215.00,18.00,4200.00
2026-07-09 12:29:18,grafo3.txt,Guloso,0.00,1,0,2715532459,500.00,0.00,9900.00
2026-07-09 12:29:18,grafo3.txt,GRASP,0.10,100,0,2715532459,215.00,6.00,4200.00
2026-07-09 12:29:18,grafo3.txt,GRASP,0.30,100,0,2715532459,215.00,6.00,4200.00
2026-07-09 12:29:18,grafo3.txt,GRASP,0.70,100,0,2715532459,215.00,6.00,4200.00
2026-07-09 12:29:18,grafo3.txt,Reativo,0.00,300,50,2715532459,215.00,21.00,4200.00
2026-07-09 12:29:18,grafo3.txt,Guloso,0.00,1,0,3460513090,505.00,0.00,10000.00
2026-07-09 12:29:18,grafo3.txt,GRASP,0.10,100,0,3460513090,215.00,6.00,4200.00
2026-07-09 12:29:18,grafo3.txt,GRASP,0.30,100,0,3460513090,215.00,6.00,4200.00
2026-07-09 12:29:18,grafo3.txt,GRASP,0.70,100,0,3460513090,215.00,6.00,4200.00
2026-07-09 12:29:18,grafo3.txt,Reativo,0.00,300,50,3460513090,215.00,17.02,4200.00
2026-07-09 12:29:18,grafo3.txt,Guloso,0.00,1,0,2332371605,408.00,0.00,8060.00
2026-07-09 12:29:18,grafo3.txt,GRASP,0.10,100,0,2332371605,215.00,6.01,4200.00
2026-07-09 12:29:18,grafo3.txt,GRASP,0.30,100,0,2332371605,215.00,6.00,4200.00
2026-07-09 12:29:18,grafo3.txt,GRASP,0.70,100,0,2332371605,215.00,6.00,4200.00
2026-07-09 12:29:18,grafo3.txt,Reativo,0.00,300,50,2332371605,215.00,18.00,4200.00
2026-07-09 12:29:18,grafo3.txt,Guloso,0.00,1,0,553851482,357.00,0.00,7040.00
2026-07-09 12:29:18,grafo3.txt,GRASP,0.10,100,0,553851482,215.00,6.00,4200.00
2026-07-09 12:29:18,grafo3.txt,GRASP,0.30,100,0,553851482,215.00,6.61,4200.00
2026-07-09 12:29:18,grafo3.txt,GRASP,0.70,100,0,553851482,215.00,5.99,4200.00
2026-07-09 12:29:18,grafo3.txt,Reativo,0.00,300,50,553851482,215.00,17.00,4200.00
2026-07-09 12:31:50,grafo1.txt,Guloso,0.00,1,0,822569775,367.00,0.00,7240.00
2026-07-09 12:31:50,grafo1.txt,GRASP,0.10,100,0,822569775,201.00,4.00,3920.00
2026-07-09 12:31:50,grafo1.txt,GRASP,0.30,100,0,822569775,201.00,4.00,3920.00
2026-07-09 12:31:50,grafo1.txt,GRASP,0.70,100,0,822569775,201.00,4.00,3920.00
2026-07-09 12:31:50,grafo1.txt,Reativo,0.00,300,50,822569775,205.00,10.00,4000.00
2026-07-09 12:31:50,grafo1.txt,Guloso,0.00,1,0,2137449171,385.00,0.00,7600.00
2026-07-09 12:31:50,grafo1.txt,GRASP,0.10,100,0,2137449171,250.00,4.00,4900.00
2026-07-09 12:31:50,grafo1.txt,GRASP,0.30,100,0,2137449171,250.00,7.00,4900.00
2026-07-09 12:31:50,grafo1.txt,GRASP,0.70,100,0,2137449171,250.00,8.03,4900.00
2026-07-09 12:31:50,grafo1.txt,Reativo,0.00,300,50,2137449171,253.00,13.94,4960.00
2026-07-09 12:31:50,grafo1.txt,Guloso,0.00,1,0,2671936806,283.00,0.00,5560.00
2026-07-09 12:31:50,grafo1.txt,GRASP,0.10,100,0,2671936806,201.00,3.00,3920.00
2026-07-09 12:31:50,grafo1.txt,GRASP,0.30,100,0,2671936806,201.00,4.00,3920.00
2026-07-09 12:31:50,grafo1.txt,GRASP,0.70,100,0,2671936806,201.00,4.00,3920.00
2026-07-09 12:31:50,grafo1.txt,Reativo,0.00,300,50,2671936806,201.00,10.00,3920.00
2026-07-09 12:31:50,grafo1.txt,Guloso,0.00,1,0,3512589365,639.00,0.00,12680.00
2026-07-09 12:31:50,grafo1.txt,GRASP,0.10,100,0,3512589365,192.00,4.00,3740.00
2026-07-09 12:31:50,grafo1.txt,GRASP,0.30,100,0,3512589365,192.00,4.00,3740.00
2026-07-09 12:31:50,grafo1.txt,GRASP,0.70,100,0,3512589365,192.00,3.00,3740.00
2026-07-09 12:31:50,grafo1.txt,Reativo,0.00,300,50,3512589365,212.00,11.00,4140.00
2026-07-09 12:31:50,grafo1.txt,Guloso,0.00,1,0,1880026316,392.00,0.00,7740.00
2026-07-09 12:31:50,grafo1.txt,GRASP,0.10,100,0,1880026316,209.00,3.00,4080.00
2026-07-09 12:31:50,grafo1.txt,GRASP,0.30,100,0,1880026316,209.00,3.00,4080.00
2026-07-09 12:31:50,grafo1.txt,GRASP,0.70,100,0,1880026316,209.00,4.00,4080.00
2026-07-09 12:31:50,grafo1.txt,Reativo,0.00,300,50,1880026316,192.00,10.00,3740.00
2026-07-09 12:31:50,grafo1.txt,Guloso,0.00,1,0,2629000564,385.00,0.00,7600.00
2026-07-09 12:31:50,grafo1.txt,GRASP,0.10,100,0,2629000564,192.00,3.00,3740.00
2026-07-09 12:31:50,grafo1.txt,GRASP,0.30,100,0,2629000564,192.00,3.00,3740.00
2026-07-09 12:31:50,grafo1.txt,GRASP,0.70,100,0,2629000564,192.00,4.00,3740.00
2026-07-09 12:31:50,grafo1.txt,Reativo,0.00,300,50,2629000564,192.00,9.00,3740.00
2026-07-09 12:31:50,grafo1.txt,Guloso,0.00,1,0,3373089432,314.00,0.00,6180.00
2026-07-09 12:31:50,grafo1.txt,GRASP,0.10,100,0,3373089432,192.00,4.00,3740.00
2026-07-09 12:31:50,grafo1.txt,GRASP,0.30,100,0,3373089432,192.00,3.00,3740.00
2026-07-09 12:31:50,grafo1.txt,GRASP,0.70,100,0,3373089432,192.00,4.00,3740.00
2026-07-09 12:31:50,grafo1.txt,Reativo,0.00,300,50,3373089432,192.00,11.19,3740.00
2026-07-09 12:31:50,grafo1.txt,Guloso,0.00,1,0,3312965625,235.00,0.00,4600.00
2026-07-09 12:31:50,grafo1.txt,GRASP,0.10,100,0,3312965625,244.00,3.07,4780.00
2026-07-09 12:31:50,grafo1.txt,GRASP,0.30,100,0,3312965625,244.00,2.99,4780.00
2026-07-09 12:31:50,grafo1.txt,GRASP,0.70,100,0,3312965625,244.00,3.99,4780.00
2026-07-09 12:31:50,grafo1.txt,Reativo,0.00,300,50,3312965625,235.00,10.98,4600.00
2026-07-09 12:31:50,grafo1.txt,Guloso,0.00,1,0,3349970575,370.00,0.00,7300.00
2026-07-09 12:31:50,grafo1.txt,GRASP,0.10,100,0,3349970575,243.00,3.00,4760.00
2026-07-09 12:31:50,grafo1.txt,GRASP,0.30,100,0,3349970575,243.00,4.01,4760.00
2026-07-09 12:31:50,grafo1.txt,GRASP,0.70,100,0,3349970575,243.00,3.00,4760.00
2026-07-09 12:31:50,grafo1.txt,Reativo,0.00,300,50,3349970575,201.00,10.40,3920.00
2026-07-09 12:31:50,grafo1.txt,Guloso,0.00,1,0,3696548529,394.00,0.00,7780.00
2026-07-09 12:31:50,grafo1.txt,GRASP,0.10,100,0,3696548529,249.00,4.00,4880.00
2026-07-09 12:31:50,grafo1.txt,GRASP,0.30,100,0,3696548529,249.00,3.00,4880.00
2026-07-09 12:31:50,grafo1.txt,GRASP,0.70,100,0,3696548529,249.00,4.00,4880.00
2026-07-09 12:31:50,grafo1.txt,Reativo,0.00,300,50,3696548529,201.00,10.00,3920.00
